{
    "F": 0.026427681632400935,
    "T": 0.039161847882476494
}