{
    "NaN": 0.09921597182239984,
    "321.0": 0.08286483557422021,
    "111.0": 0.07652487553764352,
    "555.0": 0.07111287973718969,
    "490.0": 0.06459342296880821,
    "583.0": 0.0369204456937718,
    "170.0": 0.030842957293324754,
    "545.0": 0.027694991025163408,
    "360.0": 0.025722220340705117,
    "514.0": 0.024623226199749382,
    "512.0": 0.01714701798354049,
    "408.0": 0.01356724353981102,
    "361.0": 0.013253970941849833,
    "100.0": 0.012818776035492939,
    "225.0": 0.012607105361194838,
    "399.0": 0.012158363531682866,
    "553.0": 0.010998408236529278,
    "481.0": 0.010729163138822094,
    "268.0": 0.01056490669556677,
    "567.0": 0.01039218342533952,
    "476.0": 0.009858773326108308,
    "375.0": 0.009267788803468012,
    "543.0": 0.009230534764791546,
    "327.0": 0.008636163511362482,
    "500.0": 0.008543028414671318,
    "298.0": 0.00737629965794019,
    "206.0": 0.00712568157957124,
    "562.0": 0.00636028042130931,
    "161.0": 0.005996206861516578,
    "103.0": 0.005872591187726488,
    "269.0": 0.005652453686456464,
    "310.0": 0.005511904358722525,
    "494.0": 0.005310393876790734,
    "404.0": 0.00517492464523995,
    "204.0": 0.0050699359907880924,
    "455.0": 0.00504453550987232,
    "390.0": 0.004903986182138382,
    "264.0": 0.004649981372980662,
    "250.0": 0.0045517661801063435,
    "453.0": 0.004397669929217326,
    "122.0": 0.004265587428455312,
    "445.0": 0.004114877908355065,
    "417.0": 0.003962475022860433,
    "532.0": 0.003454465404544993,
    "393.0": 0.003273275307345819,
    "369.0": 0.0031852203068378094,
    "418.0": 0.0031259525180343415,
    "452.0": 0.002848240593355234,
    "181.0": 0.0028025197277068447,
    "177.0": 0.002780505977579842,
    "558.0": 0.002509567514478274,
    "127.0": 0.0022860432824194804,
    "470.0": 0.0020794527043045347,
    "517.0": 0.001959223761303214,
    "158.0": 0.0019456768381481357,
    "513.0": 0.0018373014529075083,
    "548.0": 0.001832221356724354,
    "302.0": 0.0018203677989636605,
    "383.0": 0.0018051275104141971,
    "343.0": 0.0018000474142310428,
    "276.0": 0.0017102990483286484,
    "428.0": 0.0016730450096521827,
    "396.0": 0.0016594980864971043,
    "346.0": 0.0016561113557083348,
    "554.0": 0.0016442577979476412,
    "579.0": 0.0016205506824262539,
    "216.0": 0.0015731364513834796,
    "247.0": 0.0015324956819182443,
    "266.0": 0.0014766146239035458,
    "254.0": 0.001441053950621465,
    "420.0": 0.0014004131811562299,
    "529.0": 0.0012767975073661394,
    "104.0": 0.0012767975073661394,
    "242.0": 0.0012581704880279066,
    "595.0": 0.0012429301994784435,
    "300.0": 0.001197209333830054,
    "314.0": 0.0011667287567311275,
    "203.0": 0.001161648660547973,
    "236.0": 0.0011599552951535883,
    "459.0": 0.00114640837199851,
    "385.0": 0.0011311680834490466,
    "387.0": 0.0011294747180546618,
    "143.0": 0.0011125410641108138,
    "275.0": 0.0010973007755613507,
    "489.0": 0.0010956074101669659,
    "442.0": 0.0010956074101669659,
    "478.0": 0.0010922206793781961,
    "303.0": 0.0010702069292511938,
    "332.0": 0.001034646255969113,
    "270.0": 0.0010075524096589562,
    "479.0": 0.0010024723134758019,
    "148.0": 0.0009482846208554882,
    "431.0": 0.0009432045246723338,
    "322.0": 0.0009194974091509465,
    "318.0": 0.0009178040437565618,
    "391.0": 0.0008924035628407898,
    "520.0": 0.0008839367358688658,
    "205.0": 0.0008551495241643242,
    "202.0": 0.0008314424086429369,
    "134.0": 0.0008297490432485522,
    "571.0": 0.000822975581671013,
    "432.0": 0.0008195888508822434,
    "271.0": 0.000814508754699089,
    "251.0": 0.0007908016391777018,
    "472.0": 0.0007738679852338537,
    "556.0": 0.0007620144274731602,
    "496.0": 0.0007518542351068513,
    "297.0": 0.0007467741389236969,
    "549.0": 0.0007247603887966946,
    "464.0": 0.0007196802926135402,
    "272.0": 0.0007027466386696922,
    "411.0": 0.0007010532732753073,
    "474.0": 0.0007010532732753073,
    "414.0": 0.0006993599078809226,
    "258.0": 0.0006891997155146137,
    "599.0": 0.0006824262539370746,
    "584.0": 0.0006722660615707658,
    "585.0": 0.0006688793307819961,
    "372.0": 0.0006553324076269177,
    "449.0": 0.0006536390422325329,
    "226.0": 0.0006536390422325329,
    "561.0": 0.0006468655806549938,
    "381.0": 0.0006451722152606089,
    "559.0": 0.0006383987536830697,
    "550.0": 0.000636705388288685,
    "350.0": 0.0006350120228943002,
    "593.0": 0.0006265451959223761,
    "460.0": 0.0005926778880346801,
    "113.0": 0.0005875977918515257,
    "345.0": 0.0005859044264571409,
    "333.0": 0.0005825176956683713,
    "498.0": 0.0005757442340908321,
    "462.0": 0.0005740508686964473,
    "325.0": 0.0005689707725132929,
    "102.0": 0.0005621973109357537,
    "324.0": 0.0005605039455413689,
    "440.0": 0.0005571172147525994,
    "507.0": 0.0005554238493582145,
    "320.0": 0.0005503437531750601,
    "564.0": 0.0005503437531750601,
    "184.0": 0.0005452636569919057,
    "568.0": 0.0005435702915975209,
    "253.0": 0.0005334100992312121,
    "454.0": 0.0005317167338368274,
    "239.0": 0.0005317167338368274,
    "492.0": 0.0005283300030480577,
    "565.0": 0.000526636637653673,
    "110.0": 0.0005232499068649033,
    "422.0": 0.0005147830798929793,
    "536.0": 0.0005147830798929793,
    "572.0": 0.0005130897144985945,
    "304.0": 0.0005130897144985945,
    "586.0": 0.0004961560605547465,
    "311.0": 0.0004893825989772073,
    "477.0": 0.0004893825989772073,
    "210.0": 0.0004876892335828225,
    "341.0": 0.0004826091373996681,
    "400.0": 0.0004775290412165137,
    "371.0": 0.0004741423104277441,
    "355.0": 0.0004724489450333593,
    "141.0": 0.0004724489450333593,
    "308.0": 0.0004690622142445897,
    "527.0": 0.0004656754834558201,
    "348.0": 0.00045720865648389607,
    "533.0": 0.00045720865648389607,
    "112.0": 0.0004555152910895113,
    "551.0": 0.0004538219256951265,
    "373.0": 0.0004487418295119721,
    "160.0": 0.0004470484641175873,
    "537.0": 0.0004453550987232025,
    "106.0": 0.0004436617333288177,
    "534.0": 0.0004419683679344329,
    "566.0": 0.0004419683679344329,
    "224.0": 0.0004385816371456633,
    "491.0": 0.0004368882717512785,
    "198.0": 0.0004351949063568937,
    "501.0": 0.0004351949063568937,
    "277.0": 0.0004301148101737393,
    "265.0": 0.0004267280793849697,
    "295.0": 0.0004165678870186609,
    "433.0": 0.0004148745216242761,
    "133.0": 0.0004114877908355065,
    "146.0": 0.0004114877908355065,
    "547.0": 0.0004114877908355065,
    "560.0": 0.0004114877908355065,
    "374.0": 0.0004064076946523521,
    "315.0": 0.0003979408676804281,
    "424.0": 0.0003962475022860433,
    "339.0": 0.00039455413689165847,
    "119.0": 0.0003911674061028889,
    "208.0": 0.0003877806753141193,
    "405.0": 0.0003860873099197345,
    "504.0": 0.0003860873099197345,
    "468.0": 0.00038439394452534966,
    "214.0": 0.0003810072137365801,
    "237.0": 0.0003810072137365801,
    "222.0": 0.0003725403867646561,
    "475.0": 0.00037084702137027127,
    "197.0": 0.00037084702137027127,
    "286.0": 0.0003640735597927321,
    "437.0": 0.0003640735597927321,
    "594.0": 0.0003589934636095777,
    "370.0": 0.0003573000982151929,
    "356.0": 0.0003573000982151929,
    "168.0": 0.00035560673282080806,
    "144.0": 0.00035560673282080806,
    "596.0": 0.0003539133674264233,
    "178.0": 0.0003522200020320385,
    "589.0": 0.0003522200020320385,
    "530.0": 0.0003488332712432689,
    "299.0": 0.0003471399058488841,
    "218.0": 0.00034544654045449925,
    "284.0": 0.00034205980966572967,
    "575.0": 0.00033697971348257527,
    "290.0": 0.00033697971348257527,
    "525.0": 0.00033528634808819045,
    "359.0": 0.0003335929826938057,
    "273.0": 0.00033020625190503604,
    "115.0": 0.00033020625190503604,
    "600.0": 0.0003285128865106513,
    "172.0": 0.0003285128865106513,
    "278.0": 0.0003234327903274969,
    "243.0": 0.00032173942493311206,