{
    "F": 0.03070350201443308,
    "T": 0.017042003596565398
}