{
    "F": 0.023806808975413034,
    "T": 0.017380113981870376
}