{
    "desktop": 0.061458454725556465,
    "mobile": 0.09888678080782683
}