{
    "credit": 0.06681659517565948,
    "debit": 0.023997601463596703
}